x,n,p,Ec,Ev,EFn,EFp
0.0,7.427937285981693e6,5.999999999999909e24,-0.014219797784567056,1.105780202215433,5.693599265308555e-29,-3.540601753104637e-28
1.736111111111111e-8,1.4228217878648448e15,5.981859015645067e24,-0.014298079779229589,1.1057019202207705,0.4929364087750653,-1.3849878116009393e-10
3.472222222222222e-8,2.6219495105201155e15,5.977505298607665e24,-0.014316902369749585,1.1056830976302505,0.5087202946204972,-2.742574928699747e-10
5.208333333333333e-8,3.671702194442608e15,5.97231747081046e24,-0.014339348984031552,1.1056606510159686,0.5174031790285631,-4.080980567711214e-10
6.944444444444444e-8,4.596838468431892e15,5.965941906754269e24,-0.014366961365468,1.105633038634532,0.5231848576743023,-5.403657274864004e-10
8.680555555555555e-8,5.410234712557594e15,5.958108297944441e24,-0.01440092889483946,1.1055990711051606,0.5273627935800753,-6.712549922847442e-10
1.0416666666666667e-7,6.121089020550026e15,5.948488451566779e24,-0.014442702895880899,1.1055572971041192,0.5305123855730035,-8.009129881962824e-10
1.2152777777777777e-7,6.736885991864481e15,5.936683005377998e24,-0.014494060212483895,1.1055059397875162,0.5329391434073354,-9.294723602028309e-10
1.3888888888888888e-7,7.263770333513772e15,5.922207345464752e24,-0.014557173318054062,1.105442826681946,0.5348227175432021,-1.057051831474227e-9
1.5624999999999999e-7,7.707462272316192e15,5.904475455307245e24,-0.01463469394173611,1.105365306058264,0.5362779610075318,-1.183773739785164e-9
1.736111111111111e-7,8.073343171557464e15,5.882781755224818e24,-0.014729852110537678,1.1052701478894624,0.5373817845218033,-1.3097687291244505e-9
1.909722222222222e-7,8.366243939930471e15,5.856281256748067e24,-0.014846572291711269,1.1051534277082888,0.5381863614418564,-1.4351697319140742e-9
2.0833333333333333e-7,8.591121905314374e15,5.823968756492759e24,-0.014989607861932264,1.1050103921380678,0.5387290321304888,-1.5601311233363535e-9
2.2569444444444444e-7,8.753096878698947e15,5.784658390534818e24,-0.015164694229643061,1.104835305770357,0.5390368154461612,-1.684828793278037e-9
2.4305555555555555e-7,8.85702605249778e15,5.736965717107748e24,-0.015378719393430273,1.1046212806065698,0.539127933884522,-1.8094596596914807e-9
2.604166666666666e-7,8.908010964038929e15,5.679295635337551e24,-0.015639908287030657,1.1043600917129694,0.5390151337097152,-1.9342581439151772e-9
2.7777777777777776e-7,8.911268609232346e15,5.609840884882554e24,-0.01595801367140748,1.1040419863285926,0.5387064806315818,-2.0594992291048337e-9
2.951388888888889e-7,8.872231116024391e15,5.526597525209306e24,-0.016344501347338003,1.103655498652662,0.5382064946113798,-2.185512462308749e-9
3.1249999999999997e-7,8.796570551707864e15,5.42740542988946e24,-0.01681271097406789,1.1031872890259322,0.5375168790415696,-2.3126907094018296e-9
3.298611111111111e-7,8.690124102637914e15,5.310022979503505e24,-0.017377965996869804,1.1026220340031303,0.5366368832831667,-2.4415089042095844e-9
3.472222222222222e-7,8.55893765134898e15,5.172245015102289e24,-0.018057597872937592,1.1019424021270625,0.5355640129166844,-2.5725430277657152e-9
3.645833333333333e-7,8.409123706382306e15,5.012070633069349e24,-0.01887084254944682,1.1011291574505533,0.5342942528333684,-2.7064876063017124e-9
3.819444444444444e-7,8.246850091066817e15,4.827921343156801e24,-0.019838563656806585,1.1001614363431935,0.5328227809085134,-2.8441913630710393e-9
3.9930555555555553e-7,8.078130689512059e15,4.61889960363744e24,-0.02098276078720751,1.0990172392127926,0.531144201618846,-2.986686564345324e-9
4.1666666666666667e-7,7.90876321977738e15,4.385063086637933e24,-0.022325836516569275,1.0976741634834308,0.5292533457346736,-3.1352322815366617e-9
4.3402777777777775e-7,7.744077019014909e15,4.1276736478062133e24,-0.02388962532307115,1.096110374676929,0.5271455502602539,-3.291362819920387e-9
4.513888888888889e-7,7.588841489403152e15,3.849367005897793e24,-0.02569423069691279,1.0943057693030873,0.5248174586364491,-3.4569570801206346e-9
4.6874999999999996e-7,7.447047876406267e15,3.554186651693003e24,-0.027756767365008983,1.0922432326349911,0.5222673209979988,-3.634309272885374e-9
4.861111111111111e-7,7.321821994354716e15,3.2474398146599436e24,-0.0300901512339955,1.0899098487660046,0.519495526189019,-3.826225061903543e-9
5.034722222222222e-7,7.215305906082662e15,2.9353658450531807e24,-0.032702104157086964,1.0872978958429131,0.5165047222039233,-4.036141993334652e-9
5.208333333333333e-7,7.128638617884268e15,2.624651374507782e24,-0.035594529974888545,1.0844054700251116,0.5132998927822756,-4.268263399059192e-9
5.381944444444444e-7,7.06196293970966e15,2.321867812697903e24,-0.03876336816755366,1.0812366318324464,0.5098881174180454,-4.527741579054922e-9
5.555555555555555e-7,7.014487457704436e15,2.0329290954737956e24,-0.0421989517777801,1.07780104822222,0.5062781516632151,-4.82088759309454e-9
5.729166666666667e-7,6.984589101497619e15,1.7626616826513505e24,-0.04588680893016228,1.0741131910698378,0.5024798681594632,-5.155435326441866e-9
5.902777777777778e-7,6.969912624024147e15,1.514547152489659e24,-0.04980877745888623,1.0701912225411139,0.49850352055796904,-5.540867322658639e-9
6.076388888888888e-7,6.967490464870222e15,1.2906533958978013e24,-0.053944267672966006,1.066055732327034,0.4943590447878047,-5.988813701605996e-9
6.249999999999999e-7,6.973829607523832e15,1.0917296688575175e24,-0.058271513141904485,1.0617284868580956,0.4900553092196463,-6.513540214695135e-9
6.423611111111111e-7,6.984979265273126e15,9.174152784688843e23,-0.06276868456256857,1.0572313154374315,0.4855994365965627,-7.1325553138931475e-9
6.597222222222222e-7,6.996555723100355e15,7.66504695434598e23,-0.06741479149845464,1.0525852085015455,0.48099613964597726,-7.867358989343443e-9
6.770833333333332e-7,7.003727952627437e15,6.37219492317568e23,-0.0721903458457982,1.047809654154202,0.47624707283227524,-8.744360805901169e-9
6.944444444444444e-7,7.001160206027711e15,5.2745263364178256e23,-0.07707779932487036,1.0429222006751298,0.4713501396080545,-9.796026376687614e-9
7.118055555555555e-7,6.982908732513608e15,4.349667928590088e23,-0.08206179153334414,1.037938208466656,0.46629866527268626,-1.1062295012560732e-8
7.291666666666666e-7,6.942265713712794e15,3.575415025653747e23,-0.08712925665072913,1.032870743349271,0.46108029270333994,-1.2592347849710737e-8
7.465277777777778e-7,6.871557541134005e15,2.930725804679672e23,-0.09226944143627414,1.027730558563726,0.45567545075614113,-1.4446810195912943e-8
7.638888888888888e-7,6.761886867872166e15,2.3963165204251678e23,-0.09747389931512807,1.022526100684872,0.45005506462111966,-1.6700531071180038e-8
7.812499999999999e-7,6.602833007301239e15,1.9549464839832353e23,-0.10273659252154577,1.0172634074784543,0.4441770117885587,-1.9446088140878158e-8
7.986111111111111e-7,6.382198480465594e15,1.5914679422177694e23,-0.1080545072055541,1.011945492794446,0.4379804865661159,-2.2798315972934397e-8
8.159722222222222e-7,6.086091550657234e15,1.2926848727883297e23,-0.113430059090593,1.006569940909407,0.4313767957943306,-2.690040567895984e-8
8.333333333333333e-7,5.700110002188033e15,1.0470264825677446e23,-0.11887881584241455,1.0011211841575856,0.4242341999648174,-3.193309283059118e-8
8.506944444444444e-7,5.213040913031915e15,8.440240050271851e22,-0.12445066653843284,0.9955493334615673,0.4163531938608036,-3.813146073814033e-8
8.680555555555555e-7,4.624539848610383e15,6.736484565761734e22,-0.1302795902626519,0.9897204097373482,0.4074275500759616,-4.582292378104893e-8
8.854166666666666e-7,3.955977487894394e15,5.258520299029834e22,-0.13668284394093444,0.9833171560590657,0.3969875285870962,-5.5524726307570284e-8
9.027777777777778e-7,3.258030231248531e15,3.913320935630566e22,-0.1443211742450332,0.9756788257549669,0.3843311975732065,-6.82068086982534e-8
9.201388888888888e-7,2.6037741440183335e15,2.6523348514846007e22,-0.15437622473779378,0.9656237752622063,0.3684811420522159,-8.602672735454117e-8
9.374999999999999e-7,2.0622923946168118e15,1.5318845904882976e22,-0.16856749118758163,0.9514325088124185,0.34826264189337447,-1.1455195960676137e-7
9.54861111111111e-7,1.667715546892569e15,7.024186300700996e21,-0.1887249833648914,0.9312750166351087,0.32261513054879815,-1.7042819688430948e-7
9.722222222222222e-7,1.412389802466715e15,2.449385514154229e21,-0.2159607809635986,0.9040392190364015,0.29108346506894006,-3.124181498204399e-7
9.895833333333333e-7,1.280501075860149e15,6.518393681286862e20,-0.25018398713605094,0.8698160128639492,0.25432594345561854,-7.886850680391989e-7
1.0069444444444445e-6,1.3508108947347122e15,1.373755356992044e20,-0.290439671991674,0.8295603280083261,0.21545214126379694,-2.8455543991993583e-6
1.0243055555555556e-6,1.425849392476275e15,3.0616628309499814e19,-0.3292574324437263,0.7907425675562738,0.17803200781140338,-1.2229139119350084e-5
1.0416666666666665e-6,1.5100038703761092e15,7.20879176066196e18,-0.3666861983734053,0.7533138016265948,0.1420857122181676,-5.27494895818563e-5
1.0590277777777776e-6,1.614888952256339e15,1.7989514278451576e18,-0.4027366981218119,0.7172633018781882,0.107771277149254,-0.00021815544858695687
1.0763888888888888e-6,1.7798252765916222e15,4.821079219091538e17,-0.4374114111803271,0.682588588819673,0.07561064537748066,-0.000851181633946412
1.09375e-6,2.1366247758080588e15,1.4482105505466003e17,-0.47071094116154644,0.6492890588384537,0.04703459053373485,-0.003059309881390232
1.111111111111111e-6,3.1068649476930685e15,5.4180277514738984e16,-0.5026354428146469,0.6173645571853532,0.02478873599212363,-0.009566592787790734
1.1284722222222222e-6,5.96622703437029e15,2.8883949086088436e16,-0.5331849581268786,0.5868150418731215,0.011107665475658004,-0.02385440107542575
1.1458333333333333e-6,1.4356109832710958e16,2.1821917624431012e16,-0.5623595000025849,0.5576404999974152,0.004632753381230785,-0.045780787122300506
1.1631944444444444e-6,3.806636163649999e16,2.0143531577824716e16,-0.5901590755237027,0.5298409244762974,0.0020428943175623267,-0.07151138478104158
1.1805555555555556e-6,1.0185545056814246e17,2.017407424183027e16,-0.6165836963263782,0.5034163036736219,0.001062423399538406,-0.09797517403523312
1.1979166666666665e-6,2.6454675832506582e17,2.0816729393626136e16,-0.6416333916324888,0.4783666083675113,0.0006875146425431545,-0.1238355527538154
1.2152777777777776e-6,6.572389013511656e17,2.1734861539267548e16,-0.6653082357123337,0.45469176428766644,0.0005387545855463385,-0.14862618291871885
1.2326388888888888e-6,1.5534964602908623e18,2.2828020627633756e16,-0.6876084081241585,0.43239159187584164,0.000476882747075379,-0.17219494559223517
1.2499999999999999e-6,3.4865449980241526e18,2.4074211716858784e16,-0.7085343191405871,0.41146568085941304,0.0004498085675920193,-0.19449495394290858
1.267361111111111e-6,7.424269393518901e18,2.5480609584421136e16,-0.7280868541471586,0.39191314585284154,0.00043732683498113483,-0.21551527605239798
1.2847222222222222e-6,1.4996108089014272e19,2.706785384785489e16,-0.7462678172409873,0.37373218275901277,0.0004312612510395691,-0.23525845130770073
1.3020833333333333e-6,2.8732273310092235e19,2.886520118124542e16,-0.7630806780271184,0.3569193219728817,0.000428153779421021,-0.25373333559105715
1.3194444444444444e-6,5.2228561727125545e19,3.0909279478128092e16,-0.7785317312544633,0.3414682687455368,0.0004264755787962874,-0.27095317456085055
1.3368055555555556e-6,9.010768321998697e19,3.3243942480544612e16,-0.7926317448280544,0.3273682551719457,0.00042552044570982276,-0.28693563055427485
1.3541666666666665e-6,1.476444650140043e20,3.5920225274022036e16,-0.8053980784738615,0.31460192152613864,0.0004249478535324753,-0.30170363143046225
1.3715277777777776e-6,2.2999278490408934e20,3.899589898247932e16,-0.8168571012793686,0.3031428987206315,0.00042458658464027273,-0.3152865503895652
1.3888888888888887e-6,3.411029342215704e20,4.25343303286022e16,-0.8270465537974081,0.292953446202592,0.00042434698461365556,-0.3277213792794782
1.4062499999999999e-6,4.825980252006053e20,4.660250526970883e16,-0.8360173585184993,0.28398264148150076,0.0004241802321288801,-0.3390535774919706
1.423611111111111e-6,6.529853040219954e20,5.12682443368105e16,-0.8438343637465389,0.27616563625346124,0.00042405872164644773,-0.349337309211141
1.4409722222222221e-6,8.475213294563356e20,5.659681357060063e16,-0.8505756594073244,0.2694243405926757,0.0004239662717925888,-0.3586348801998528
1.4583333333333333e-6,1.0588266031410601e21,6.26472845734367e16,-0.8563304030000181,0.26366959699998205,0.0004238930673434945,-0.36701535069265867
1.4756944444444444e-6,1.2780646278740954e21,6.946907213432426e16,-0.8611954373911734,0.25880456260882667,0.0004238329589163573,-0.3745524816650394
1.4930555555555555e-6,1.4963129796809749e21,7.70990637864969e16,-0.86527124084005,0.2547287591599501,0.0004237819751855874,-0.38132230881120394
1.5104166666666665e-6,1.705744651056179e21,8.555965712972224e16,-0.8686578376476248,0.2513421623523753,0.00042373747813023526,-0.38740068665011085
1.5277777777777776e-6,1.9003778244866348e21,9.485786875291038e16,-0.8714512108645991,0.24854878913540102,0.00042369766941481823,-0.3928611014879567
1.5451388888888887e-6,2.0763412277044311e21,1.0498551850624546e17,-0.8737405606957314,0.24625943930426875,0.0004236612939355009,-0.3977729497551548
1.5624999999999999e-6,2.23174755293363e21,1.1592035809744608e17,-0.8756065302182954,0.24439346978170473,0.0004236274570821244,-0.4022003603773728
1.579861111111111e-6,2.3663306136598e21,1.2762792049781534e17,-0.8771203403995305,0.24287965960046964,0.000423595509223584,-0.4062015406879137
1.5972222222222221e-6,2.4809951219605003e21,1.400638285172907e17,-0.8783436681135788,0.24165633188642133,0.0004235649709315665,-0.4098285634816768
1.6145833333333333e-6,2.577384923298081e21,1.5317630642865974e17,-0.8793290608103455,0.24067093918965465,0.000423535483447296,-0.41312748656224024
1.6319444444444444e-6,2.657526388587683e21,1.669086739332448e17,-0.8801206899480869,0.2398793100519132,0.00042350677515053765,-0.41613869634147826
1.6493055555555555e-6,2.723565049529883e21,1.8120165450923254e17,-0.8807552797476914,0.2392447202523087,0.00042347863837998264,-0.418897382722981
1.6666666666666667e-6,2.7775899547440146e21,1.959953881220334e17,-0.8812630905620296,0.23873690943797055,0.0004234509131051279,-0.42143407410941575
1.6840277777777776e-6,2.821529356727706e21,2.1123109036306205e17,-0.881668876358197,0.2383311236418031,0.00042342347521295316,-0.42377518249481066
1.7013888888888887e-6,2.857098834919308e21,2.2685234149539395e17,-0.8819927685030233,0.23800723149697678,0.0004233962279590722,-0.4259435263763949
1.7187499999999998e-6,2.885784851467779e21,2.4280602236862227e17,-0.8822510620749799,0.23774893792502017,0.0004233690956449004,-0.42795881323723006
1.736111111111111e-6,2.908850302140792e21,2.5904293342538106e17,-0.8824568971653095,0.2375431028346906,0.0004233420188807244,-0.42983807286882747
1.7534722222222221e-6,2.9273523345047164e21,2.7551814366777232e17,-0.8826208377121958,0.2373791622878043,0.00042331495098331493,-0.431596039180392
1.7708333333333332e-6,2.942165869403905e21,2.921911207057012e17,-0.8827513560342659,0.2372486439657342,0.0004232878552278123,-0.4332454821192304
1.7881944444444444e-6,2.954008681999366e21,3.090256971927035e17,-0.882855233843741,0.23714476615625912,0.0004232607027294894,-0.4347974939441691
1.8055555555555555e-6,2.963465618184116e21,3.259899008596623e17,-0.8829378912344295,0.23706210876557066,0.00042323347077592575,-0.43626173302984345
1.8229166666666666e-6,2.971010674543756e21,3.4305571414319565e17,-0.8830036547435167,0.2369963452564834,0.0004232061415547555,-0.4376466326740919
1.8402777777777776e-6,2.9770264019068235e21,3.6019876811095066e17,-0.8830559746069895,0.23694402539301063,0.0004231787011228971,-0.43895957739931807
1.8576388888888887e-6,2.9818205311883123e21,3.7739801660417146e17,-0.8830976001018742,0.2369023998981259,0.0004231511386214383,-0.44020705300247726
1.8749999999999998e-6,2.9856399640100544e21,3.946353958483703e17,-0.8831307205954122,0.2368692794045879,0.0004231234456322392,-0.4413947732521655
1.892361111111111e-6,2.988682390454815e21,4.1189549121169114e17,-0.8831570787135368,0.23684292128646334,0.0004230956156754007,-0.44252778735905685
1.909722222222222e-6,2.991105840859689e21,4.291652252730211e17,-0.8831780609534459,0.23682193904655424,0.00042306764382872596,-0.44361057147085314
1.927083333333333e-6,2.993036479858041e21,4.4643356162880115e17,-0.8831947701182168,0.23680522988178332,0.0004230395264088863,-0.44464710598496754
1.9444444444444444e-6,2.9945749293120215e21,4.636912326006285e17,-0.8832080831457629,0.23679191685423717,0.0004230112607201466,-0.44564094122562664
1.9618055555555553e-6,2.995801374800523e21,4.8093048407104544e17,-0.8832186972301876,0.23678130276981246,0.0004229828448208418,-0.4465952528883896
1.9791666666666666e-6,2.996779675300263e21,4.9814486863104237e17,-0.8832271665760771,0.23677283342392297,0.0004229542773955074,-0.4475128905250608
1.9965277777777776e-6,2.997560661599319e21,5.153290529426606e17,-0.8832339316693592,0.23676606833064096,0.0004229255576309556,-0.4483964184043712
2.013888888888889e-6,2.9981847779163284e21,5.324786492489673e17,-0.883239342576565,0.2367606574234351,0.0004228966851079772,-0.4492481505481956
2.03125e-6,2.9986841939404265e21,5.495900576608358e17,-0.8832436774832759,0.23675632251672418,0.0004228676596954526,-0.4500701803079929
2.048611111111111e-6,2.999084491217317e21,5.666603467637951e17,-0.8832471574398149,0.23675284256018525,0.0004228384814959224,-0.45086440670353345
2.065972222222222e-6,2.99940600825146e21,5.836871504505178e17,-0.8832499580871493,0.23675004191285076,0.0004228091508141045,-0.45163255708322264
2.083333333333333e-6,2.9996649124959764e21,6.00668575680094e17,-0.8832522189795391,0.236747781020461,0.0004227796681100346,-0.4523762065282472
2.1006944444444444e-6,2.999874054124916e21,6.176031241526221e17,-0.883254050995288,0.23674594900471213,0.0004227500339699716,-0.45309679470321607
2.1180555555555553e-6,3.000043645651574e21,6.344896260688417e17,-0.8832555422269319,0.23674445777306818,0.0004227202490768166,-0.45379564052718074
2.1354166666666666e-6,3.000181802697068e21,6.513271843133919e17,-0.8832567626623886,0.2367432373376115,0.00042269031419112123,-0.454473954979891
2.1527777777777775e-6,3.0002949741312947e21,6.681151275754676e17,-0.8832577679049232,0.23674223209507694,0.0004226602301321233,-0.4551328523088986
2.170138888888889e-6,3.0003882841326134e21,6.848529710924831e17,-0.8832586021291116,0.23674139787088855,0.0004226299977665955,-0.45577335986205236
2.1875e-6,3.000465804138663e21,7.015403664716577e17,-0.8832593004295797,0.23674069957042043,0.0004225996179474301,-0.4563964260945692
2.204861111111111e-6,3.000530769037439e21,7.181770908917644e17,-0.8832598906871896,0.23674010931281053,0.00042256909155189885,-0.45700292886276817
2.222222222222222e-6,3.0005857489976673e21,7.347630255407323e17,-0.8832603950517566,0.23673960494824353,0.00042253841947759375,-0.45759368219995766
2.239583333333333e-6,3.0006327860292973e21,7.512981367834866e17,-0.8832608311200696,0.23673916887993052,0.00042250760263914396,-0.45816944227965184
2.2569444444444443e-6,3.000673502502757e21,7.67782460571519e17,-0.8832612128717976,0.2367387871282025,0.00042247664195961445,-0.45873091271123856
2.2743055555555553e-6,3.000709187382858e21,7.842160895587082e17,-0.8832615514130424,0.2367384485869577,0.0004224455383708259,-0.4592787492535777
2.2916666666666666e-6,3.0007408647473453e21,8.005991624713247e17,-0.8832618555670573,0.23673814443294283,0.00042241429280774975,-0.4598135640198821
2.3090277777777775e-6,3.000769348227984e21,8.169318553519222e17,-0.8832621323435372,0.23673786765646287,0.00042238290620786765,-0.46033592923698813
2.326388888888889e-6,3.000795284264235e21,8.332143715601624e17,-0.8832623873114418,0.2367376126885583,0.0004223513795037506,-0.46084638052663557
2.34375e-6,3.000819186465492e21,8.494469259164859e17,-0.8832626248951829,0.23673737510481718,0.0004223197135886316,-0.4613454196350602
2.361111111111111e-6,3.0008414629186047e21,8.65629752793001e17,-0.8832628486099194,0.23673715139008067,0.0004222879093562963,-0.4618335175754203
2.378472222222222e-6,3.0008624378791073e21,8.817631021349431e17,-0.8832630612484902,0.23673693875150992,0.0004222559676957423,-0.4623111170757448
2.395833333333333e-6,3.000882369004247e21,8.978472362048183e17,-0.883263265029905,0.23673673497009506,0.0004222238894967623,-0.4627786347898248
2.4131944444444443e-6,3.000901461043112e21,9.138824269205261e17,-0.8832634617173216,0.2367365382826785,0.00042219167564272773,-0.4632364632977273
2.4305555555555552e-6,3.0009198767131045e21,9.298689536822186e17,-0.8832636527117579,0.23673634728824222,0.0004221593270138288,-0.4636849729192439
2.4479166666666666e-6,3.000937745339952e21,9.458071015998719e17,-0.8832638391265402,0.23673616087345994,0.0004221268444868106,-0.46412451336066085
2.4652777777777775e-6,3.0009551697222036e21,9.616971600493211e17,-0.8832640218464478,0.2367359781535523,0.00042209422893138045,-0.46455541521275473
2.482638888888889e-6,3.000972231580426e21,9.775394120839928e17,-0.8832642015746943,0.2367357984253058,0.000422061481188225,-0.46497799106675886
2.4999999999999998e-6,3.000988995888569e21,9.933341300095859e17,-0.8832643788702494,0.23673562112975066,0.0004220286020580805,-0.46539253668951097
2.517361111111111e-6,3.001005514320143e21,1.0090815877734676e18,-0.8832645541774982,0.23673544582250194,0.0004219955923370042,-0.46579933252418554
2.534722222222222e-6,3.0010218279816166e21,1.0247820603340888e18,-0.8832647278497934,0.23673527215020673,0.00042196245281456136,-0.46619864472910266
2.552083333333333e-6,3.0010379695852167e21,1.0404358231494867e18,-0.8832649001681716,0.2367350998318285,0.000421929184278249,-0.4665907261301853
2.5694444444444443e-6,3.001053965174564e21,1.0560431517639057e18,-0.883265071356222,0.2367349286437781,0.00042189578751040615,-0.4669758170955196
2.5868055555555552e-6,3.0010698354948393e21,1.0716043214737983e18,-0.8832652415918911,0.23673475840810898,0.00042186226328853356,-0.46735414633948114
2.6041666666666666e-6,3.00108559708239e21,1.0871196070586272e18,-0.883265411016871,0.23673458898312916,0.0004218286123860658,-0.4677259316631299
2.6215277777777775e-6,3.001101263129223e21,1.1025892825648365e18,-0.8832655797440445,0.2367344202559556,0.00042179483557270507,-0.4680913806368038
2.638888888888889e-6,3.001116844170686e21,1.1180136211313135e18,-0.8832657478634154,0.23673425213658472,0.00042176093361087977,-0.4684506912302241
2.6562499999999998e-6,3.001132348631102e21,1.1333928948514848e18,-0.8832659154468017,0.23673408455319844,0.0004217269072610509,-0.4688040523948884
2.673611111111111e-6,3.001147783257721e21,1.148727374662053e18,-0.8832660825515806,0.23673391744841954,0.0004216927572779474,-0.46915164460299386
2.690972222222222e-6,3.0011631534650514e21,1.1640173302555622e18,-0.8832662492236505,0.23673375077634962,0.0004216584844120667,-0.4694936403467328
2.708333333333333e-6,3.001178463608565e21,1.1792630300112315e18,-0.8832664154997927,0.23673358450020743,0.0004216240894098319,-0.46983020460138913
2.7256944444444443e-6,3.00119371720257e21,1.1944647409408333e18,-0.8832665814095435,0.2367334185904566,0.00042158957301354313,-0.4701614952553467
2.7430555555555552e-6,3.0012089170918465e21,1.2096227286468692e18,-0.8832667469766813,0.23673325302331882,0.0004215549359581308,-0.47048766350979565
2.7604166666666666e-6,3.0012240655907134e21,1.2247372572903252e18,-0.883266912220412,0.23673308777958812,0.0004215201789786164,-0.47080885425065955
2.7777777777777775e-6,3.0012391645899805e21,1.2398085895669576e18,-0.8832670771563027,0.2367329228436974,0.0004214853028017455,-0.47112520639503364
2.795138888888889e-6,3.001254215645271e21,1.254836986689426e18,-0.8832672417970358,0.23673275820296436,0.00042145030815146563,-0.4714368532141965
2.8124999999999998e-6,3.00126922004476e21,1.2698227083747443e18,-0.8832674061529948,0.2367325938470053,0.00042141519574693506,-0.4717439226350603
2.829861111111111e-6,3.001284178864668e21,1.2847660128364393e18,-0.8832675702327402,0.23673242976725994,0.00042137996630400994,-0.47204653752178083
2.847222222222222e-6,3.0012990930125345e21,1.2996671567792138e18,-0.8832677340433834,0.23673226595661667,0.00042134462053298126,-0.4723448159390573
2.864583333333333e-6,3.001313963261557e21,1.3145263953971297e18,-0.8832678975908843,0.2367321024091158,0.00042130915914100634,-0.47263887139854177
2.8819444444444443e-6,3.0013287902709164e21,1.3293439593470136e18,-0.8832680608802894,0.2367319391197107,0.0004212735827646747,-0.4729288126418338
2.899305555555555e-6,3.001343574616285e21,1.3441200777346445e18,-0.8832682239159269,0.23673177608407325,0.00042123789203953206,-0.4732147443235252
2.9166666666666666e-6,3.001358316808061e21,1.3588549784261745e18,-0.8832683867015687,0.2367316132984314,0.0004212020875954084,-0.47349676721890743
2.9340277777777775e-6,3.001373017306252e21,1.3735488880503613e18,-0.8832685492405554,0.23673145075944468,0.0004211661700600108,-0.4737749784131421
2.951388888888889e-6,3.0013876765332194e21,1.3882020320002335e18,-0.8832687115359068,0.2367312884640933,0.00042113014005647946,-0.47404947147903365
2.9687499999999997e-6,3.001402294884133e21,1.4028146344360604e18,-0.8832688735904108,0.23673112640958927,0.0004210939982054232,-0.4743203366442224
2.986111111111111e-6,3.0014168727357935e21,1.4173869182883215e18,-0.8832690354067028,0.23673096459329734,0.0004210577451221654,-0.47458766094855126
4.736111111111111e-6,3.0026803189438307e21,2.680640662006828e18,-0.8832841373805209,0.2367158626194792,0.00041683587885044777,-0.49107671300683303
6.472222222222222e-6,3.0036815368204457e21,3.68176223199112e18,-0.8832976390979361,0.23670236090206398,0.00041195285114888904,-0.49929397681114335
8.208333333333334e-6,3.0045067078387436e21,4.506876899834845e18,-0.8833101077071008,0.23668989229289927,0.00040658532479136844,-0.5045340539214865
9.944444444444445e-6,3.0051998092201154e21,5.199941994802598e18,-0.8833218014738344,0.23667819852616567,0.00040085459694893215,-0.5082436963393641
1.1680555555555556e-5,3.0057891609493766e21,5.78926845754933e18,-0.8833328867063805,0.23666711329361956,0.0003948387201786107,-0.511030212639849
1.3416666666666666e-5,3.006294484507857e21,6.294573521533609e18,-0.8833434792062347,0.23665652079376542,0.0003885920096801903,-0.5132041516347065
1.5152777777777777e-5,3.0067302176356743e21,6.73029342953822e18,-0.8833536637380144,0.23664633626198572,0.00038215420215495873,-0.5149446318787926
1.6888888888888888e-5,3.0071066757442054e21,7.106740774516084e18,-0.8833635008905842,0.23663649910941587,0.0003755536504861293,-0.5163614640053235
1.8625e-5,3.0074322616634987e21,7.432318552790968e18,-0.8833730399953517,0.23662696000464845,0.0003688134459209538,-0.5175290208047176
2.0361111111111113e-5,3.007713327964815e21,7.713377992860971e18,-0.8833823183643954,0.2366176816356047,0.00036195102038507303,-0.5184978830105361
2.209722222222222e-5,3.0079552308602156e21,7.955275507385153e18,-0.8833913674448306,0.2366086325551695,0.00035498106832666874,-0.5193052178390272
2.3833333333333334e-5,3.0081621686254405e21,8.162208520428805e18,-0.8834002118976061,0.23659978810239402,0.00034791508984295867,-0.5199779284603655
2.5569444444444442e-5,3.0083378513306725e21,8.337887514231671e18,-0.883408873503436,0.2365911264965641,0.00034076324857535567,-0.5205371110969907
2.7305555555555556e-5,3.008485174123499e21,8.485206942332974e18,-0.883417369272661,0.2365826307273391,0.0003335334593504581,-0.5209983891042627
2.9041666666666663e-5,3.008606763142539e21,8.606793170345641e18,-0.8834257146257247,0.23657428537427538,0.00032623290311848216,-0.5213745439754135
3.077777777777778e-5,3.0087047960176126e21,8.704823611824372e18,-0.8834339223548655,0.2365660776451346,0.0003188675255295305,-0.5216755389205383
3.2513888888888885e-5,3.008781171498162e21,8.781196873371821e18,-0.8834420036140909,0.23655799638590924,0.00031144250677371895,-0.5219094479028844
3.425e-5,3.008837621485432e21,8.837645054477913e18,-0.8834499685732071,0.23655003142679298,0.00030396257175400695,-0.5220830654474523
3.5986111111111106e-5,3.008875554551587e21,8.875576443084372e18,-0.8834578255105532,0.23654217448944692,0.00029643155410147694,-0.5222016423630017
3.772222222222222e-5,3.008896279516457e21,8.896299901998545e18,-0.8834655821146686,0.23653441788533147,0.0002888530164866704,-0.5222696900796417
3.945833333333333e-5,3.0089009712687885e21,8.900990369856425e18,-0.883473245287143,0.2365267547128571,0.00028123015483565893,-0.5222909798182978
4.119444444444444e-5,3.008890631458256e21,8.890649355677073e18,-0.8834808209152536,0.2365191790847465,0.00027356568856120114,-0.5222685035871547
4.293055555555555e-5,3.0088661991176237e21,8.866215935401009e18,-0.8834883145160894,0.23651168548391066,0.00026586216735713597,-0.5222048525164448
4.4666666666666664e-5,3.0088285162926616e21,8.828532164707617e18,-0.8834957310375593,0.2365042689624408,0.00025812187526452404,-0.5221021570092804
4.640277777777777e-5,3.008778320359527e21,8.778335338693691e18,-0.8835030748144046,0.2364969251855955,0.00025034680894212523,-0.5219620933212757
4.8138888888888885e-5,3.0087163076789246e21,8.716321851342162e18,-0.8835103499388621,0.23648965006113798,0.00024253885416027554,-0.5217860919906401
4.987499999999999e-5,3.008643107232947e21,8.643120688137426e18,-0.8835175601078662,0.2364824398921339,0.00023469971228514745,-0.5215752758413688
5.161111111111111e-5,3.0085592780686004e21,8.559290842669898e18,-0.8835247086085873,0.23647529139141277,0.00022683089291777503,-0.5213304612613944
5.3347222222222214e-5,3.0084653513410766e21,8.465363493991033e18,-0.8835317985632534,0.23646820143674674,0.00021893383045663205,-0.5210522902776964
5.508333333333333e-5,3.0083618112115594e21,8.361822806408968e18,-0.8835388328183678,0.23646116718163235,0.00021100983085239525,-0.5207411765586857
5.6819444444444436e-5,3.0082490925776083e21,8.249103639680941e18,-0.883545813931768,0.2364541860682321,0.00020306006511688993,-0.5203972969765345
5.855555555555555e-5,3.0081276107139947e21,8.127621287554035e18,-0.8835527443452182,0.23644725565478186,0.0001950856515098276,-0.5200206806965098
6.0291666666666664e-5,3.007997746362211e21,7.997756491345142e18,-0.8835596262978909,0.23644037370210924,0.00018708761398276248,-0.5196111584799944
6.202777777777778e-5,3.007859845719618e21,7.859855422884387e18,-0.8835664618264705,0.23643353817352963,0.00017906688202133327,-0.5191683540145136
6.376388888888889e-5,3.0077142407395116e21,7.714250052435764e18,-0.8835732528833615,0.23642674711663858,0.0001710243469298334,-0.5186917401413121
6.55e-5,3.007561235471374e21,7.561244423004103e18,-0.8835800012573767,0.23641999874262343,0.0001629608237830257,-0.518180582689513
6.723611111111111e-5,3.007401111325844e21,7.401119929821686e18,-0.8835867086044713,0.2364132913955288,0.00015487706595171562,-0.5176339421419763
6.897222222222222e-5,3.0072341390645165e21,7.234147353024341e18,-0.8835933765175801,0.23640662348242003,0.00014677379834975943,-0.5170506977237765
7.070833333333334e-5,3.0070605643618923e21,7.060572350972373e18,-0.8836000064427241,0.23639999355727603,0.00013865167722982183,-0.5164294760273057
7.244444444444445e-5,3.0068806203755e21,6.880628079086829e18,-0.8836065997522136,0.23639340024778654,0.00013051132504195902,-0.515768669471981
7.418055555555555e-5,3.00669452936028e21,6.69453680281579e18,-0.8836131577541115,0.23638684224588857,0.00012235333486175205,-0.5150664135400554
7.591666666666666e-5,3.006502494571604e21,6.502501761728745e18,-0.8836196816451904,0.23638031835480966,0.00011417824782273606,-0.5143205200976233
7.765277777777778e-5,3.0063047125883845e21,6.304719544893898e18,-0.8836261725826757,0.23637382741732438,0.00010598658732572003,-0.5135284814821878
7.938888888888889e-5,3.0061013651338995e21,6.101371867211988e18,-0.8836326316367229,0.2363673683632772,9.77788362404694e-5,-0.5126873867331769
8.1125e-5,3.0058926259718864e21,5.892632495223439e18,-0.8836390598305757,0.23636094016942444,8.955545603763125e-5,-0.5117938861023038
8.286111111111111e-5,3.005678658543573e21,5.678664867339334e18,-0.8836454581268693,0.23635454187313076,8.13168801729283e-5,-0.5108441043818184
8.459722222222222e-5,3.0054596181509045e21,5.459624286118905e18,-0.8836518274403629,0.23634817255963725,7.306352012207562e-5,-0.509833555005529
8.633333333333334e-5,3.005235651413099e21,5.235657367968155e18,-0.8836581686348177,0.2363418313651824,6.479576382999407e-5,-0.5087570188226753
8.806944444444445e-5,3.0050068985663083e21,5.006904351899682e18,-0.8836644825364077,0.23633551746359238,5.651398207497994e-5,-0.5076084055466494
8.980555555555555e-5,3.0047734913400423e21,4.77349696356653e18,-0.8836707699213839,0.23632923007861617,4.8218522535906056e-5,-0.5063805526398274
9.154166666666666e-5,3.004535555821681e21,4.535561290689749e18,-0.8836770315327787,0.23632296846722145,3.990971772001759e-5,-0.5050649935442324
9.327777777777778e-5,3.004293212093423e21,4.293217415498059e18,-0.8836832680783164,0.23631673192168368,3.158788393131541e-5,-0.5036516344166461
9.509793666327632e-5,3.0040345253487507e21,4.034530525603543e18,-0.8836897803525208,0.23631021964747934,2.2849509566364413e-5,-0.5020515357034014
9.519536888849633e-5,3.004020548409468e21,4.0205535776556365e18,-0.8836901282160357,0.23630987178396445,2.238136358789865e-5,-0.5019621681987414
9.529211046251985e-5,3.004006657538617e21,4.0066626989208433e18,-0.8836904735398976,0.2363095264601025,2.1916497394966365e-5,-0.5018730410728366
9.538816628104819e-5,3.003992852328485e21,3.99285748115607e18,-0.883690816343262,0.23630918365673814,2.145488833171882e-5,-0.5017841553142426
9.54835412050794e-5,3.003979132370525e21,3.979137515753031e18,-0.8836911566451278,0.23630884335487234,2.099651389481081e-5,-0.5016955118942196
9.557824006115413e-5,3.0039654972559175e21,3.9655023937972884e18,-0.8836914944643395,0.23630850553566063,2.0541351730756485e-5,-0.5016071117668399
9.56722676416e-5,3.003951946575543e21,3.9519517061234796e18,-0.8836918298195906,0.2363081701804095,2.0089379635806753e-5,-0.5015189558691011
9.576562870477409e-5,3.0039384799200805e21,3.9384850433712046e18,-0.8836921627294227,0.23630783727057736,1.9640575554118205e-5,-0.5014310451210278
9.585832797530367e-5,3.0039250968798214e21,3.925101996038526e18,-0.883692493212231,0.23630750678776913,1.919491757663579e-5,-0.5013433804257852
9.59503701443254e-5,3.003911797045271e21,3.911802154351886e18,-0.8836928212862603,0.23630717871373985,1.875238394182767e-5,-0.5012559626685714
9.604175986972266e-5,3.00389858000644e21,3.8985851084798305e18,-0.883693146969609,0.23630685303039112,1.8312953033246996e-5,-0.5011687927177791
9.613250177636126e-5,3.0038854453535467e21,3.885450448611192e18,-0.8836934702802317,0.2363065297197684,1.7876603378614382e-5,-0.5010818714252908
9.622260045632357e-5,3.0038723926767347e21,3.8723977650051604e18,-0.883693791235939,0.23630620876406105,1.7443313650775656e-5,-0.500995199626586
9.631206046914081e-5,3.003859421566669e21,3.8594266480376453e18,-0.8836941098544004,0.23630589014559966,1.7013062664490433e-5,-0.5009087781408369
9.640088634202384e-5,3.0038465316136157e21,3.8465366882471813e18,-0.8836944261531423,0.2363055738468578,1.6585829377072192e-5,-0.5008226077710072
9.648908257009225e-5,3.0038337224084805e21,3.8337274763799255e18,-0.8836947401495534,0.2363052598504467,1.6161592888593316e-5,-0.5007366893039521
9.657665361660183e-5,3.003820993542176e21,3.8209986034334275e18,-0.883695051860883,0.23630494813911707,1.574033243709027e-5,-0.5006510235105166
9.666360391317048e-5,3.0038083446059387e21,3.808349660699035e18,-0.8836953613042438,0.23630463869575635,1.5322027401794653e-5,-0.5005656111456283
9.674993786000243e-5,3.0037957751916357e21,3.795780239803252e18,-0.8836956684966122,0.23630433150338792,1.490665730045179e-5,-0.5004804529483946
9.683565982611092e-5,3.003783284891048e21,3.783289932748474e18,-0.88369597345483,0.23630402654517013,1.4494201788011998e-5,-0.5003955496421993
9.692077414953933e-5,3.003770873296486e21,3.7708783318428334e18,-0.8836962761956046,0.23630372380439546,1.4084640656645457e-5,-0.5003109019340436
9.700528513758067e-5,3.003758540000785e21,3.7585450298339917e18,-0.8836965767355105,0.2363034232644896,1.3677953834935467e-5,-0.5002265105152844
9.708919706699561e-5,3.003746284597215e21,3.746289619965004e18,-0.8836968750909939,0.23630312490900618,1.3274121385703123e-5,-0.5001423760618583
9.717251418422884e-5,3.003734106679454e21,3.734111696012401e18,-0.8836971712783672,0.23630282872163288,1.2873123507292828e-5,-0.5000584992343754
9.725524070562403e-5,3.0037220058419335e21,3.722010852320015e18,-0.8836974653138157,0.23630253468618445,1.247494053194807e-5,-0.49997488067821017
9.733738081763717e-5,3.0037099816795033e21,3.70998668383367e18,-0.8836977572133975,0.2363022427866026,1.2079552922215425e-5,-0.4998915210235898
9.741893867704841e-5,3.003698033787842e21,3.69803878613502e18,-0.8836980469930431,0.236301953006957,1.1686941276385645e-5,-0.4998084208856853
9.749991841117247e-5,3.003686161763281e21,3.686166755473408e18,-0.8836983346685585,0.2363016653314416,1.1297086320784412e-5,-0.4997255808647008
9.758032411806745e-5,3.0036743652028575e21,3.6743701887973494e18,-0.8836986202556263,0.23630137974437382,1.0909968912970915e-5,-0.499643001545959
9.766015986674229e-5,3.0036626437041637e21,3.6626486837475384e18,-0.8836989037698038,0.23630109623019635,1.0525570040234959e-5,-0.49956068349971805
9.773942969736258e-5,3.0036509968664373e21,3.6510018386836183e18,-0.8836991852265337,0.23630081477346643,1.0143870818318775e-5,-0.4994786272812454
9.781813762145512e-5,3.0036394242905934e21,3.639429252756963e18,-0.8836994646411442,0.23630053535885587,9.764852489919236e-6,-0.49939683343120717
9.789628762211087e-5,3.003627925581046e21,3.6279305259366477e18,-0.8836997420288686,0.23630025797113152,9.38849642683819e-6,-0.4993153024757586
9.797388365418654e-5,3.003616500351016e21,3.616505259031263e18,-0.8837000174048857,0.23629998259511442,9.01478412615926e-6,-0.4992340349266258
9.805092964450473e-5,3.003605148234259e21,3.60515305369947e18,-0.8837002907844322,0.23629970921556787,8.64369720802367e-6,-0.49915303128119
9.81274294920526e-5,3.003593868918607e21,3.593873512438863e18,-0.8837005621830789,0.2362994378169212,8.275217420444932e-6,-0.4990722920225771
9.820338706817926e-5,3.003582662229678e21,3.582666238509445e18,-0.8837008316174622,0.23629916838253795,7.909326634348702e-6,-0.4989918176197311
9.827880621679166e-5,3.0035715283486874e21,3.5715308356657034e18,-0.8837010991071548,0.23629890089284533,7.546006843326566e-6,-0.4989116085272376
9.835369075454907e-5,3.0035604683687597e21,3.5604669075471846e18,-0.8837013646794567,0.2362986353205434,7.185240162847644e-6,-0.4988316651855434
9.842804447105627e-5,3.003549485709432e21,3.549474056056545e18,-0.8837016283815684,0.2362983716184317,6.827008832100269e-6,-0.4987519880211153
9.850187112905532e-5,3.003538589689295e21,3.5385518772007844e18,-0.8837018903113449,0.23629810968865517,6.471295209533151e-6,-0.4986725774464197
9.857517446461598e-5,3.0035278044935016e21,3.527699950647878e18,-0.8837021506944813,0.23629784930551878,6.1180817764966864e-6,-0.4985934338597234
9.864795818732475e-5,3.0035171915396447e21,3.516917813733717e18,-0.8837024100770172,0.2362975899229829,5.767351137943116e-6,-0.49851455764450747
9.872022598047263e-5,3.003506904911793e21,3.506204897187193e18,-0.8837026698024744,0.23629733019752575,5.419086032465819e-6,-0.49843594916774936
9.87919815012415e-5,3.0034973278984235e21,3.4955603673065426e18,-0.8837029331870783,0.23629706681292184,5.073269341559577e-6,-0.49835760877578944
9.886322838088918e-5,3.003489407213816e21,3.4849827408359777e18,-0.8837032083964846,0.23629679160351547,4.72988414403436e-6,-0.49827953678432146
9.893397022493325e-5,3.0034854660759827e21,3.474468950865999e18,-0.883703515444151,0.23629648455584906,4.388913813429252e-6,-0.4982017334535052
9.900421061333346e-5,3.003491170139559e21,3.4640120952446925e18,-0.8837039031124077,0.23629609688759246,4.0503422855209185e-6,-0.49812419892750637
9.907395310067287e-5,3.003520252097604e21,3.453596042369003e18,-0.8837044896164263,0.23629551038357377,3.7141546792858545e-6,-0.49804693308867315
9.914320121633783e-5,3.0036057980663224e21,3.443182586771986e18,-0.8837055597359473,0.23629444026405277,3.380338790415897e-6,-0.4979699352083561
9.921195846469651e-5,3.0038270513240253e21,3.4326810514052285e18,-0.8837077954401575,0.23629220455984257,3.048888631796726e-6,-0.4978932031158097
9.928022832527625e-5,3.004372712365406e21,3.421876794599022e18,-0.883712820241759,0.2362871797582411,2.7198127783266944e-6,-0.4978167312309041
9.934801425293966e-5,3.005689682919857e21,3.410264157414364e18,-0.8837244766741943,0.23627552332580581,2.3931539123163896e-6,-0.4977405059333725
9.941531967805948e-5,3.008831317681356e21,3.3966589532771164e18,-0.883751807948177,0.23624819205182312,2.069034302496831e-6,-0.4976644947141028
9.948214800669213e-5,3.016272377125605e21,3.3783077134479534e18,-0.883815984177418,0.23618401582258208,1.7477608295286704e-6,-0.49758862083483574
9.954850262075009e-5,3.033828999380308e21,3.3488676250333353e18,-0.8839663407039824,0.23603365929601772,1.4300652012830856e-6,-0.4975127040802917
9.961438687817309e-5,3.075286921597882e21,3.2939348679194803e18,-0.8843175342214167,0.23568246577858343,1.1176452593937444e-6,-0.49743632083336203
9.967980411309796e-5,3.1742175951209224e21,3.181639077720065e18,-0.8851363886214072,0.2348636113785929,8.143518918556302e-7,-0.49735846342668166
9.974475763602743e-5,3.418136503897065e21,2.945228198432677e18,-0.8870506102126905,0.2329493897873096,5.286428003338804e-7,-0.49727664703682767
9.980925073399764e-5,4.0736764813960266e21,2.4624295840229827e18,-0.8915866041784852,0.22841339582151488,2.779518325417525e-7,-0.4971841557705948
9.987328667074446e-5,6.284263845360784e21,1.5884630837813135e18,-0.9027937033191398,0.21720629668086033,9.316276479589081e-8,-0.4970582148240016
9.993686868686868e-5,2.1154404993726675e22,4.663774358004307e17,-0.9341729313649099,0.18582706863509024,8.274849561925566e-9,-0.49675512017700363
9.999999999999999e-5,5.054511395271402e24,2.3614757757709125e14,-1.0757433582824625,0.044256641717537626,4.122981900718158e-10,-0.44215298269614967
9.999999999999999e-5,5.452956786083568e22,3.4048532531002084e16,-1.0057433582824622,0.19425664171753754,4.122981900718158e-10,-0.44215298269614967
0.00010000064102564102,2.3556386460778036e25,7.88004600983776e13,-1.1626238710987797,0.037376128901219996,5.59062533674728e-11,-0.44214744525296545
0.00010000129874367226,1.4162978362464294e26,1.305742080149738e13,-1.2089976930649922,-0.00899769306499243,5.351349140971921e-11,-0.44205068909903494
0.0001000019735887657,1.905679362887956e26,9.610725273589549e12,-1.216670366416293,-0.01667036641629327,5.275297750898195e-11,-0.44180032104826705
0.00010000266600691225,1.987237205835769e26,9.107676526955473e12,-1.2177537402100658,-0.017753740210066038,5.209665780028276e-11,-0.44149383811597176
0.00010000337645571649,1.998373388671417e26,8.943443678884408e12,-1.2178982065797554,-0.017898206579755715,5.1439431830123256e-11,-0.4411678777574253
0.00010000410540469905,1.9998013774869273e26,8.820339328453656e12,-1.21791667319096,-0.017916673190960353,5.0766835983129547e-11,-0.44082802603197724
0.00010000485333560694,1.9999767174188077e26,8.699771011467137e12,-1.2179189397613324,-0.01791893976133263,5.007761796297612e-11,-0.44047447505899673
0.00010000562074273197,1.9999973802869385e26,8.576761869766094e12,-1.217919206852001,-0.017919206852001324,4.936998440445252e-11,-0.4401066027706263
0.00010000640813323732,1.999999717156516e26,8.450631176723284e12,-1.2179192370591245,-0.017919237059124793,4.864403631327702e-11,-0.4397236277481361
0.0001000072160274928,1.999999970708109e26,8.32122516781589e12,-1.2179192403372778,-0.017919240337278097,4.789908145720796e-11,-0.43932469241938804
0.0001000080449594187,1.9999999970913575e26,8.188450391708491e12,-1.217919240679072,-0.017919240679072246,4.713489861894401e-11,-0.4389088678134525
0.00010000889547683866,1.99999999972322e26,8.052218244391143e12,-1.2179192407138757,-0.01791924071387596,4.635056282322278e-11,-0.4384751472755023
0.00010000976814184173,1.9999999999748457e26,7.912438604388262e12,-1.2179192407179324,-0.017919240717932716,4.5546102604259456e-11,-0.43802243782253225
0.00010001066353115382,1.9999999999978983e26,7.769019085514389e12,-1.217919240719056,-0.017919240719056262,4.4720562598081293e-11,-0.4375495500568405
0.00010001158223651886,1.9999999999998912e26,7.621864904002772e12,-1.217919240719929,-0.01791924071992934,4.387344570054418e-11,-0.4370551865371573
0.00010001252486508988,2.0000000000000626e26,7.470878808675847e12,-1.2179192407208004,-0.017919240720800644,4.300407706208335e-11,-0.43653792833803856
0.00010001349203983025,2.0000000000000626e26,7.315961016001397e12,-1.217919240721692,-0.017919240721692375,4.2112456798394255e-11,-0.4359962194504715
0.00010001448439992536,2.0000000000000626e26,7.157009144072745e12,-1.2179192407226074,-0.017919240722607643,4.1197324755791116e-11,-0.43542834859384094
0.00010001550260120509,2.0000000000000973e26,6.993918144949377e12,-1.2179192407235462,-0.017919240723546448,4.025889984683496e-11,-0.43483242790615734
0.00010001654731657723,2.0000000000000626e26,6.826580235224307e12,-1.2179192407245094,-0.017919240724509677,3.929544717736899e-11,-0.43420636784651
0.00010001761923647215,2.0000000000000626e26,6.65488482480175e12,-1.2179192407254975,-0.017919240725497776,3.830725411395878e-11,-0.4335478474720023
0.00010001871906929913,2.0000000000000626e26,6.478718443799117e12,-1.2179192407265118,-0.017919240726512076,3.7292950194119345e-11,-0.4328542790267326
0.00010001984754191452,2.0000000000000286e26,6.297964667570161e12,-1.2179192407275519,-0.017919240727552133,3.6252490246501755e-11,-0.43212276548460027
0.00010002100540010207,2.0000000000000626e26,6.112504039754501e12,-1.2179192407286195,-0.017919240728619723,3.518504990605229e-11,-0.4313500492932619
0.0001000221934090659,2.0000000000000973e26,5.922213993327976e12,-1.217919240729715,-0.01791924072971529,3.408984532068276e-11,-0.4305324500361262
0.00010002341235393607,2.0000000000000286e26,5.726968769612673e12,-1.2179192407308386,-0.017919240730838837,3.296572648137376e-11,-0.4296657880067361
0.0001000246630402876,2.0000000000000626e26,5.526639335150944e12,-1.2179192407319919,-0.017919240731992137,3.181257744730223e-11,-0.42874528969331477
0.00010002594629467271,2.0000000000000626e26,5.321093296443339e12,-1.217919240733175,-0.01791924073317519,3.0629574236842536e-11,-0.4277654697790791
0.00010002726296516723,2.0000000000000626e26,5.110194812442004e12,-1.217919240734389,-0.01791924073438933,2.941545730394859e-11,-0.4267199822879538
0.00010002861392193092,2.0000000000000626e26,4.893804504785306e12,-1.2179192407356347,-0.017919240735635,2.8169731514149168e-11,-0.4256014306576382
0.00010002999999999999,2.0000000000000286e26,4.671788621051647e12,-1.2179192407369124,-0.017919240736912645,2.689178876026882e-11,-0.42440117355768
0.00010003104166666665,2.0000000000000626e26,4.504939039704537e12,-1.217919240737873,-0.01791924073787321,2.593165365688922e-11,-0.4234609972996679
0.00010003208333333332,2.0000000000000626e26,4.3380894583651953e12,-1.2179192407388335,-0.017919240738833775,2.497127536780073e-11,-0.42248533442550035
0.00010003312499999998,2.0000000000000626e26,4.17123987703806e12,-1.2179192407397936,-0.017919240739793896,2.401080829653445e-11,-0.42147140064036454
0.00010003416666666666,2.0000000000000286e26,4.004390295718316e12,-1.2179192407407542,-0.01791924074075446,2.3050161306441982e-11,-0.42041607053655095
0.00010003520833333332,2.0000000000000286e26,3.837540714410303e12,-1.2179192407417143,-0.01791924074171458,2.2089763120403735e-11,-0.41931581949129537
0.00010003624999999999,2.0000000000000626e26,3.6706911331096206e12,-1.2179192407426749,-0.017919240742675147,2.112956248500222e-11,-0.41816665264125513
0.00010003729166666665,2.0000000000000286e26,3.5038415518204253e12,-1.2179192407436354,-0.01791924074363571,2.0168775592954118e-11,-0.4169640173235761
0.00010003833333333333,2.0000000000000286e26,3.3369919705382886e12,-1.2179192407445956,-0.017919240744595832,1.9208731537027912e-11,-0.4157026941380828
0.00010003937499999999,2.0000000000000286e26,3.170142389267172e12,-1.2179192407455561,-0.017919240745556397,1.8248050104632716e-11,-0.41437666004420937
0.00010004041666666666,2.0000000000000626e26,3.0032928080028125e12,-1.2179192407465167,-0.017919240746516962,1.7287871764837966e-11,-0.4129789144088492
0.00010004145833333332,2.0000000000000286e26,2.8364432267493135e12,-1.2179192407474768,-0.017919240747477083,1.6327385662601394e-11,-0.4115012552823383
0.00010004249999999998,2.0000000000000286e26,2.6695936455045273e12,-1.2179192407484374,-0.017919240748437648,1.5366836382323813e-11,-0.40993398776990775
0.00010004354166666666,2.0000000000000286e26,2.50274406426588e12,-1.217919240749398,-0.017919240749398213,1.4406440372518734e-11,-0.4082655381593752
0.00010004458333333332,1.9999999999999943e26,2.335894483037728e12,-1.217919240750358,-0.017919240750358334,1.344587885638087e-11,-0.4064819347165596
0.00010004562499999999,2.0000000000000286e26,2.169044901815627e12,-1.2179192407513186,-0.0179192407513189,1.2485516023412441e-11,-0.4045660957317278
0.00010004666666666665,1.9999999999999943e26,2.0021953206037437e12,-1.2179192407522788,-0.01791924075227902,1.1525068894006482e-11,-0.40249683201472
0.00010004770833333333,1.9999999999999943e26,1.8353457393976104e12,-1.2179192407532393,-0.017919240753239585,1.0564529628841484e-11,-0.40024741432261507
0.00010004874999999999,2.0000000000000286e26,1.6684961582013354e12,-1.2179192407541999,-0.01791924075420015,9.604368965871849e-12,-0.3977834560633282
0.00010004979166666666,1.9999999999999943e26,1.5016465770104966e12,-1.21791924075516,-0.01791924075516027,8.643656399650827e-12,-0.39505967663217334
0.00010005083333333332,1.9999999999999943e26,1.3347969958293008e12,-1.2179192407561206,-0.017919240756120836,7.683323701405041e-12,-0.3920147503658982
0.000100051875,2.0000000000000286e26,1.167947414653247e12,-1.2179192407570811,-0.0179192407570814,6.722985384694472e-12,-0.3885626977917313
0.00010005291666666666,1.9999999999999943e26,1.0010978334865662e12,-1.2179192407580413,-0.01791924075804152,5.762641538700798e-12,-0.38457759572893946
0.00010005395833333332,1.9999999999999943e26,8.342482523269424e11,-1.2179192407590018,-0.017919240759002086,4.8021210828381134e-12,-0.37986422067232706
0.00010005499999999999,1.9999999999999943e26,6.673986711720022e11,-1.2179192407599624,-0.01791924075996265,3.8415884797382375e-12,-0.3740955163171416
0.00010005604166666665,1.9999999999999943e26,5.005490900260366e11,-1.2179192407609225,-0.017919240760922772,2.8813512259132913e-12,-0.3666583639176007
0.00010005708333333332,1.9999999999999943e26,3.3369950888450244e11,-1.217919240761883,-0.017919240761883337,1.9209041408171514e-12,-0.356176288980852
0.00010005812499999998,1.9999999999999943e26,1.668499277516217e11,-1.2179192407628436,-0.017919240762843902,9.602305031605298e-13,-0.33825707507085845
0.00010005916666666666,1.9999999999999943e26,346622.9092221409,-1.2179192407638038,-0.017919240763804023,3.2498861381599884e-28,-2.7864431158620816e-29
